taxa,division,genus,fullname,run,label,labelfitms1,labelfitms2,tco2.res,tco2.res.sd,tco2.res.se,abs.res,abs.res.var,abs.res.sd,reps,abs.res.se,tco2.obs,tco2.obs.sd,tco2.obs.se,co2.obs,co2.obs.sd,co2.obs.se,hco3.obs,hco3.obs.sd,hco3.obs.se,co3.obs,co3.obs.sd,co3.obs.sd,tco2.exp.control.ta,tco2.exp.control.ta.sd,tco2.exp.control.ta.se,hco3.exp.control.ta,hco3.exp.control.ta.sd,hco3.exp.control.ta.se,co3.exp.control.ta,co3.exp.control.ta.sd,co3.exp.control.ta.se,co2.exp.control.ta,co2.exp.control.ta.sd,co2.exp.control.ta.se,control.ta.n,tco2.exp.pH.calc,tco2.exp.pH.calc.sd,tco2.exp.pH.calc.se,hco3.exp.pH.calc,hco3.exp.pH.calc.sd,hco3.exp.pH.calc.se,oeratio.hco3.pH.calc,hco3.percent,oeratio.hco3.pH.calc.sd,oeratio.hco3.pH.calc.se,oeratio.co3.pH.calc,oeratio.co3.pH.calc.sd,oeratio.co3.pH.calc.se,oeratio.co2.pH.calc,co2.percent,oeratio.co2.pH.calc.sd,oeratio.co2.pH.calc.se,prop.co2.pH.calc,prop.co2.pH.calc.sd,prop.co2.pH.calc.se,prop.co3.pH.calc,prop.co3.pH.calc.sd,prop.co3.pH.calc.se,prop.hco3.pH.calc,prop.hco3.pH.calc.sd,prop.hco3.pH.calc.se,diff.in.percent.hco3.pH.calc,diff.in.percent.hco3.pH.calc.sd,diff.in.percent.hco3.pH.calc.se,diff.in.percent.co3.pH.calc,diff.in.percent.co3.pH.calc.sd,diff.in.percent.co3.pH.calc.se,diff.in.percent.co2.pH.calc,diff.in.percent.co2.pH.calc.sd,diff.in.percent.co2.pH.calc.se,co3exp.pH.calc,co3.exp.pH.calc.sd,co3.exp.pH.calc.se,co2.exp.pH.calc,co2.exp.pH.calc.sd,co2.exp.pH.calc.se,delta.hco3.pH.calc,Bicarbonate,delta.hco3.pH.calc.sd,delta.hco3.pH.calc.se,delta.hco3.pH.calc.25,Bicarbonate.25,delta.hco3.pH.calc.sd.25,delta.hco3.pH.calc.se.25,delta.co3.pH.calc,Carbonate,delta.co3.pH.calc.sd,delta.co3.pH.calc.se,delta.co3.pH.calc.25,Carbonate.25,delta.co3.pH.calc.sd.25,delta.co3.pH.calc.se.25,delta.co2.pH.calc,CarbonDioxide,delta.co2.pH.calc.sd,delta.co2.pH.calc.se,delta.co2.pH.calc.25,CarbonDioxide.25,delta.co2.pH.calc.sd.25,delta.co2.pH.calc.se.25,pH.calc.n,pH.calc.value,pH.calc.value.sd,pH.calc.value.se,deltapH.calc.drift,pH.48,diff.48,diff.sd.48,diff.se.48,abs.diff.48,abs.diff.sd.48,abs.diff.se.48,estimate.48,diff.36,diff.sd.36,diff.se.36,abs.diff.36,abs.diff.sd.36,abs.diff.se.36,estimate.36,fgroup1,fgroup2,division,divisionfamily,seaweed,bicarb.user.num,bicarb.user.text,pH.drift,pH.drift.sd,pH.drift.se,pH.drift.reps,delta.pH.alk.calc,delta.pH.alk.calc.sd,delta.pH.alk.calc.se,pH.alk,pH.alk.sd,pH.alk.se,type,ta,tase,tadiff,tadiffse,tanorm,zonet,range.limit,range.limit.num,areamass,degas,degas.se
Acrosiphonia,Chlorophyta,Acrosiphonia,Acrosiphonia coalita,13,Ac,Ac,Ac,-458.4578125,65.5441498738,32.7720749369,458.4578125,4296.0355826823,65.5441498738,4,32.7720749369,516.9,53.96498865,26.982494325,0.034217,0.0261691345,0.0130845673,128.05,46.29791212,23.14895606,388.824081,34.9239546483,17.4619773241,975.3578125,75.486912152,9.435864019,242.6328125,79.9962857366,9.9995357171,732.6583749531,16.721584566,2.0901980707,0.06386925,0.0482942334,0.0060367792,64,516.9,48.2677532106,12.0669383027,32.54375,5.8976796285,1.4744199071,3.8896218729,301-500%,0.7699522852,0.3849761426,0.8057311949,0.0630804298,0.0315402149,20.1727863382,>500%,9.9073554253,4.9536777127,0.0064057,0.0039826291,0.0019913146,75.5621116448,6.1954725824,3.0977362912,24.4333301207,6.1919645854,3.0959822927,18.1883904777,5.8267166773,2.9133583387,-18.1926968797,5.8297972281,2.914898614,0.0060998229,0.003945512,0.001972756,484.3552306875,42.4035559973,10.6008889993,0.0016068125,0.0004314026,0.0001078506,79.9811317688,79.9811317688,46.1033126116,11.5258281529,95.50625,95.50625,36.9303212144,9.2325803036,-80.0102673347,-80.0102673347,46.1087532202,11.5271883051,-95.5311496875,-95.5311496875,36.950828033,9.2377070082,0.0157635622,0.0157635622,0.0166289587,0.0041572397,0.0326101875,0.0326101875,0.0231041899,0.0057760475,16,10.3143125,0.0447611718,0.0111902929,-0.2993125,,-0.0066666667,0.0352136337,0.0143759058,0.0277777778,0.0191678743,0.0078252519,y,1.6233333334,0.0499666555,0.0203988017,1.6233333334,0.0499666555,0.0203988017,,filamentous,filamentous,Chlorophyta,Chlorophyta,Green,1,Present,10.015,0.1161895004,0.0290473751,4,-0.6770625,0.1317322687,0.0658661344,9.63725,0.1578382611,0.0789191305,Green,1427.75,46.6608,-799.5,53.5008,1417.05,low/mid,mid,2,96.5669718508,-0.0066666667,0.0143759058
Alaria,Ochrophyta,Alaria,Alaria marginata,11,Am,Am,Am,-45.6733630371,40.7902744018,18.2419652766,53.6148297119,678.2291433754,26.04283286,5,11.6467089203,1204.78,73.6221909481,32.9248447225,0.38,0.1095445115,0.0489897949,583.34,76.8998894668,34.390676062,621.06,19.7796107141,8.845710825,1250.4533630371,45.3145171601,5.0663170369,604.7610949375,61.1109129346,6.8324077744,645.2751025275,23.2969037866,2.6046730266,0.4146667555,0.0891162692,0.0099635018,80,1204.78,66.9754067061,12.2279803503,514.67,98.8560086605,18.0485552961,1.1491281257,111-300%,0.0895797768,0.0400612941,0.9024308554,0.0532839174,0.0238292923,1.4101954376,111-300%,0.3290367282,0.1471496983,0.0312144771,0.006984134,0.0031233997,51.7117951255,3.4569519252,1.5459959,48.2569864269,3.4495491433,1.5426852752,5.8497630459,3.2845214147,1.4688826314,-5.8572198886,3.2903297096,1.4714801798,0.0074850854,0.0059049362,0.0026407677,689.8179594667,32.8600920029,5.9994045439,0.2916602,0.1290433464,0.0235599839,76.0615332208,76.0615332208,45.2109609316,9.0421921863,68.67,68.67,37.9727138877,6.932837322,-76.1449664675,-76.1449664675,45.2778006398,9.055560128,-68.7579594667,-68.7579594667,38.0437888427,6.945813774,0.0904322732,0.0904322732,0.0545925517,0.0109185103,0.0883398,0.0883398,0.0705134207,0.0128739304,30,9.2706,0.1051595176,0.0191994133,0.1494,,0.1283333333,0.1649747455,0.0673506578,0.1616666667,0.1249666622,0.0510174262,n,0.542,0.2074608397,0.0846955331,0.542,0.2074608397,0.0846955331,,thick leathery,course branch,Phaeophyta,Phaeophyta,Brown,1,Present,9.42,0.0339116499,0.00678233,5,-0.1042,0.0633387498,0.02832595,9.1664,0.0665680103,0.0297701192,Brown,2160,27.6912,-103.8333333333,33.4012,2112.7166666667,low/mid,mid,2,NA,0.1283333333,0.0673506578
Callithamnion,Rhodophyta,Callithamnion,Callithamnion pikeanum,10,Cp,Cp,,-5.258412679,172.9061705223,99.8274240956,131.28865153,4082.9551297114,63.8980056787,3,36.8915307793,1817.1666666667,221.0647265697,127.6317793933,6.2333333333,2.315887159,1.3370780747,1528.4666666667,228.0849914688,131.6849312226,282.4,34.1439599344,19.7130244593,1822.4250793457,60.4258792791,8.721724417,1530.7618240833,90.1811235031,13.0165239826,285.4741043042,35.5202839548,5.1269113757,6.1891436474,1.5809624511,0.2281922742,48,1817.1666666667,185.731520338,43.7773391704,1541,301.6221594293,71.0930247629,1.0075914148,<110%,0.0885741112,0.0511382869,1.2527576217,0.4564334755,0.2635219899,1.0381326769,<110%,0.6674157661,0.3853326722,0.3372637625,0.0760595983,0.0439130295,15.729443641,2.3947604204,1.3826155733,83.929854836,2.3172831661,1.3378840598,-0.0562959709,6.8577423358,3.9593193836,0.1949038498,7.0567276923,4.0742036327,-0.141767263,0.221342788,0.1277923182,266.9777777778,122.0719390386,28.7726319623,9.1833333333,5.9883465262,1.4114668123,-12.1371740652,-12.1371740652,139.6956028932,46.5652009644,-12.5333333333,-12.5333333333,116.217503997,27.3927283896,14.6262944279,14.6262944279,143.3995658237,47.7998552746,15.4222222222,15.4222222222,119.902546485,28.2613012337,-2.5423788545,-2.5423788545,4.1144633491,1.371487783,-2.95,-2.95,4.1582306758,0.9801043695,18,8.3414444444,0.2851142644,0.0672020766,0.2585555556,,0.0421428571,0.0657556805,0.0248533111,0.0564285714,0.051777914,0.019570212,n,0.19,0.040824829,0.0204124145,0.19,0.040824829,0.0204124145,,course branch,filamentous,Rhodophyta,Rhodophyta,Red,0,Absent,8.6,0.0608276253,0.0202758751,3,0.0625555556,0.2606362052,0.1504783832,8.404,0.0973704267,0.0562168421,Red,2221.6667,116.3563,24.0000333333,125.4163,2240.5500333333,low/mid,mid,2,87.326276522,0.0421428571,0.0248533111
Codium setchelli,Chlorophyta,Codium,Codium setchellii,10,Cs,Cs,,-1.0642672221,42.3531669597,17.290608007,28.8051704407,799.4645362431,28.2748039117,6,11.5431403601,1707.2666666667,50.4227594115,20.5850053302,3.7019828333,0.7333798625,0.2994010751,1342.55,72.6358244945,29.6534511763,361.0567001667,35.990422029,14.6930282664,1708.3309338888,51.2927443218,5.2350437956,1343.6687736979,74.7926739233,7.6334953171,360.9532047,29.3714842256,2.9977145559,3.7089609409,0.6980204802,0.0712414169,96,1707.2666666667,46.6824041491,7.7804006915,1364.4416666667,77.8830969191,12.9805161532,0.9846930859,<110%,0.0270465237,0.0110416971,1.0724965045,0.113114069,0.0461786253,0.920928468,<110%,0.1489481312,0.0608078199,0.2162298477,0.0353533072,0.0144329272,21.1853039058,2.2431176638,0.9157489516,78.6009002245,2.209005879,0.9018228737,-1.2573082004,2.1560407808,0.8801999629,1.2828823766,2.1910605705,0.8944967322,-0.0224956083,0.0355029999,0.014494039,338.7194444444,33.9415112,5.6569185333,4.0944444444,0.8582189013,0.1430364835,-22.2828040898,-22.2828040898,37.2936499068,6.2156083178,-21.8916666667,-21.8916666667,36.7465557181,6.124425953,22.6528720944,22.6528720944,37.7726874074,6.2954479012,22.3372557222,22.3372557222,37.3491034257,6.2248505709,-0.3367622984,-0.3367622984,0.4955727598,0.08259546,-0.3924616111,-0.3924616111,0.6094381308,0.1015730218,36,8.5295555556,0.0679564753,0.0113260792,0.1237777777,,0.0716666667,0.0585377371,0.0238979311,0.0716666667,0.0585377371,0.0238979311,n,,,,,,,,crustose,crustose,Chlorophyta,Chlorophyta,Green,0,Absent,8.6533333333,0.0786553664,0.0131092277,6,0.0349444444,0.0566736924,0.023136938,8.5645,0.0632700561,0.0258298922,Green,2229,21,31.3333333333,30.06,2247.8833333333,low/mid,mid,2,25.0248080762,0.0716666667,0.0238979311
Corallina frondescens,Rhodophyta,Corallina,Corallina frondescens,13,Cf,Cf,,-711.2085900879,70.6004279279,31.5734712175,711.2085900879,4984.4204236013,70.6004279279,5,31.5734712175,452.74,50.9175117224,22.7710034913,0.08,0.0447213595,0.02,183.32,36.7469318447,16.4337275139,269.36,29.4724108278,13.1804628143,1148.8192452567,55.5616094447,6.6408825189,452.5257523871,69.5152427827,8.3086606959,696.0719609743,21.1391890711,2.5266163556,0.2215216107,0.0748457973,0.0089457838,70,452.4090909091,44.4573515169,9.4783391907,24.85,4.9254199724,1.0501030665,7.5641672702,>500%,1.0982152605,0.4911367953,0.6241302261,0.0547440975,0.0244823047,15.4782788154,>500%,7.4682371732,3.3398971983,0.0177456395,0.0087037342,0.0038924283,59.0149897583,5.2311257286,2.3394305456,40.971525633,5.2239659573,2.3362285985,35.524520602,5.1717897619,2.3128946946,-35.5368679942,5.1804016192,2.3167460343,0.0177456395,0.0087037342,0.0038924283,427.5545454545,39.6062853029,8.4440883988,0,0,0,152.7130175537,152.7130175537,38.0994012569,7.6198802514,161.3318181818,161.3318181818,30.2079205376,6.4403502982,-152.749548069,-152.749548069,38.1309040047,7.6261808009,-161.3909090909,-161.3909090909,30.2549470035,6.4503763744,0.0600524504,0.0600524504,0.0291911873,0.0058382375,0.0818181818,0.0818181818,0.0394771017,0.0084165464,22,10.3738181818,0.0395482061,0.0084317059,-0.7858181818,,0.055,NA,NA,0.055,NA,NA,y,,,,,,,,articulated calcareous,articulated calcareous,Rhodophyta,Corallinaceae,Red calcifying,1,Present,9.588,0.0683373983,0.0136674797,5,-1.0674181818,0.0974199743,0.043567537,9.3064,0.1028557242,0.0459984782,Red calcifying,1105.6,33.2259,-1169.9,40.0659,1046.65,mid,high,3,45.7236297224,0.055,NA
Corallina vancouveriensis,Rhodophyta,Corallina,Corallina vancouveriensis,11,Cv,Cv,Cv,-710.9740122478,68.5498651334,27.9853652522,710.9740122478,4699.0840098005,68.5498651334,6,27.9853652522,671.8833333333,21.5366122375,8.7922851283,0.4166666667,0.1602081979,0.0654047229,393.8166666667,44.4107832251,18.1306263298,277.6166666667,33.1710968566,13.5420435845,1382.8573455811,74.4459434258,7.5981072839,812.9938069865,114.7744446771,11.7141177071,568.9738574198,44.6055968168,4.5525396614,0.889681289,0.3574956982,0.0364867519,96,671.8833333333,19.9390284904,3.3231714151,57.1041663517,4.6077825393,0.7679637566,6.9011148152,>500%,0.5040805132,0.2057900078,0.4522362969,0.054173931,0.0221164147,89.2170600116,>500%,41.8498483968,17.0851290642,0.0617577303,0.021053106,0.0085948945,41.3961472036,5.0497613374,2.0615564332,58.537310097,5.0245481186,2.0512631798,50.0504670796,4.8194263453,1.9675225665,-50.1164249731,4.8444947862,1.9777567146,0.0615762365,0.0208275527,0.0085028128,614.7751633454,15.4746547803,2.5791091301,0.0012336575,0.0018902811,0.0003150469,357.5942517867,357.5942517867,45.5557376526,7.5926229421,336.712500315,336.712500315,38.1297953224,6.3549658871,-357.9013497004,-357.9013497004,45.6952638151,7.6158773025,-337.1584966787,-337.1584966787,38.3074871373,6.3845811896,0.3326475527,0.3326475527,0.1394265498,0.0232377583,0.4154330092,0.4154330092,0.1468029164,0.0244671527,36,10.1694751184,0.025621356,0.004270226,-0.8344751184,,-0.065,0.0747663026,0.0305232152,0.0916666667,0.0240138849,0.0098036274,n,0.1886666667,0.323213036,0.1319511694,0.214,0.3036866806,0.1239795682,,articulated calcareous,articulated calcareous,Rhodophyta,Corallinaceae,Red calcifying,1,Present,9.335,0.0524404424,0.0087400737,6,-1.1858084517,0.0896060398,0.0365815126,8.9836666667,0.1003387595,0.0409631271,Red calcifying,1228.1667,23.1753,-1035.6666333333,28.8853,1180.8833666667,low/mid,mid,2,NA,-0.065,0.0305232152
Cryptopleura,Rhodophyta,Cryptopleura,Cryptopleura ruprechtiana,13,Cr,Cr,Cr,-250.6704813639,61.0502639921,35.2473863499,250.6704813639,3727.1347335032,61.0502639921,3,35.2473863499,1686.6666666667,57.8305570899,33.3884877033,8.9333333333,1.0503967504,0.6064468466,1494.9333333333,54.7717384545,31.6224779407,182.7333333333,17.0124464241,9.8221405225,1937.3371480306,35.8976749582,5.1813830751,1717.2425878542,41.5729101054,6.0005327101,209.7905330188,13.4623828427,1.9431275895,10.3040163459,1.0004641538,0.1444045621,48,1686.6666666667,49.3180647953,14.2368989927,1309.9411268808,81.6130212851,23.5596499042,1.1434056025,111-300%,0.0400590858,0.023128124,0.493843826,0.0632223593,0.0365014462,2.7059223245,111-300%,0.5690462588,0.3285390107,0.5294897495,0.048197461,0.0278268171,10.8354878354,0.8192293871,0.4729823072,88.6310045851,0.7729578999,0.4462674516,11.0351208087,2.6902794923,1.5532335891,-11.3668687661,2.7354804453,1.5793303714,0.3277302659,0.055150918,0.0318413974,373.3063923673,33.7420996004,9.7405051437,3.4191460403,0.7117827519,0.2054739817,187.3725299747,187.3725299747,46.1881264241,15.3960421414,184.9922064526,184.9922064526,39.6112199134,11.43477424,-192.1121038383,-192.1121038383,46.7811275658,15.5937091886,-190.5730590339,-190.5730590339,40.2222473235,11.6111626598,4.7329093013,4.7329093013,0.8330798029,0.2776932676,5.5141872931,5.5141872931,0.8430569821,0.2433695878,12,8.5900940895,0.0661063956,0.0190832726,-0.1625940895,,0.085,0.0275680975,0.0112546287,0.085,0.0275680975,0.0112546287,y,0.1833333333,0.0355902608,0.0145296631,0.1833333333,0.0355902608,0.0145296631,,course branch,course branch,Rhodophyta,Rhodophyta,Red,0,Absent,8.4275,0.118988795,0.0297471987,4,-0.3677607562,0.0834314458,0.0481691677,8.2223333333,0.0421465697,0.0243333333,Red,1963,28.6793,-264.25,35.5193,1952.3,low,low,1,290.3109166203,0.085,0.0112546287
Dilsea,Rhodophyta,Dilsea,Dilsea pygmaea,10,Dc,Dc,,-105.2654724121,195.2048651935,138.0306838989,138.0306838989,22161.6393642852,148.8678587348,2,105.2654724121,1123.25,164.9680120508,116.65,0.3,0,0,519.45,47.5882863739,33.65,603.45,117.4504363551,83.05,1228.5154724121,30.5819672573,5.4061791074,570.8457846625,34.414992586,6.083768658,657.3065585344,16.1040093642,2.8468135564,0.3631218579,0.0483061663,0.0085394044,32,1123.25,121.8369514034,35.171298345,447.4517424901,170.3159577132,49.1659820165,1.3074209287,111-300%,0.4208931876,0.2976164271,0.9062408976,0.1941781757,0.1373047048,2.1896567529,111-300%,1.5759495474,1.1143646118,0.0269993989,0.0029285773,0.0020708169,53.5330781677,1.9158535973,1.3547130704,46.434955217,1.9077369316,1.3489737211,7.685009242,12.8735810651,9.1029964693,-7.6954908721,12.8956736726,9.1186183018,0.0055148742,0.0169444336,0.0119815239,675.5413828303,49.8388687072,14.3872421321,0.2568711331,0.1838531798,0.0530738414,83.1810379819,83.1810379819,205.6725964417,102.8362982209,71.9982575099,71.9982575099,135.293004648,39.0557263265,-83.2557699686,-83.2557699686,205.8916848006,102.9458424003,-72.0913828303,-72.0913828303,135.5286075364,39.123739022,0.0556082701,0.0556082701,0.2037583353,0.1018791676,0.0431288669,0.0431288669,0.1838531798,0.0530738414,12,9.3448830446,0.205029484,0.0591869139,-0.0298830446,,0.2,0.1060660172,0.075,0.2,0.1060660172,0.075,n,,,,,,,,sheet group,course branch,Rhodophyta,Rhodophyta,Red,1,Present,9.315,0.0070710678,0.0035355339,2,-0.1468830446,0.3213219742,0.2272089469,9.198,0.045254834,0.032,Red,2071,210,-126.6666666667,219.06,2089.8833333333,low,low,1,176.7770607057,0.2,0.075
Endocladia,Rhodophyta,Endocladia,Endocladia muricata,10,Em,Em,Em,-67.3744733175,24.4214193508,9.9700027007,67.3744733175,596.4057231092,24.4214193508,6,9.9700027007,1261.1,33.5955949493,13.7153442052,0.6102568333,0.1019713709,0.0416296379,688.95,47.0823427624,19.2212859438,571.5301345,23.3893181556,9.5486491522,1328.4744733175,37.2560130652,3.8024259108,725.9097463115,48.427067188,4.9425668479,601.9215041083,20.0372681615,2.0450451181,0.643218439,0.10043815,0.0102509258,96,1261.1,31.1034770679,5.1839128447,643.0534783921,50.3989048933,8.3998174822,1.0733161028,<110%,0.0449554963,0.0183530045,0.9263332945,0.0413180041,0.0168680045,1.2527048774,111-300%,0.1621222663,0.0661861381,0.0482749126,0.0065133569,0.0026590668,45.3605479939,2.3466610329,0.958020355,54.5904692604,2.3391190564,0.954941356,3.6597881108,2.1441541632,0.8753472716,-3.6697527549,2.1477804336,0.8768276903,0.0092538409,0.0052780739,0.0021547647,617.552595879,22.3839555087,3.7306592514,0.4939629076,0.0974195126,0.0162365854,49.4051292571,49.4051292571,26.1601805523,4.3600300921,45.8965216079,45.8965216079,26.5089173234,4.4181528872,-49.4985656067,-49.4985656067,26.2178289176,4.3696381529,-46.022461379,-46.022461379,26.5547098686,4.4257849781,0.0968731151,0.0968731151,0.0511475539,0.0085245923,0.1162939257,0.1162939257,0.065805715,0.0109676192,36,9.1195170614,0.0483536012,0.0080589335,0.0971496053,,0.0366666667,0.1570244142,0.0641049487,0.125,0.0867179336,0.0354024481,n,1.225,0.1019149973,0.0416066234,1.225,0.1019149973,0.0416066234,,course branch,filamentous,Rhodophyta,Rhodophyta,Red,1,Present,9.2166666667,0.0605530071,0.0100921678,6,-0.0640170614,0.0344941387,0.0140821732,9.0555,0.0443745423,0.018115831,Red,2132.1667,14.2908,-65.4999666667,23.3508,2151.0500333333,mid/high,high,3,85.9277544392,0.0366666667,0.0641049487
Fucus,Ochrophyta,Fucus,Fucus gardneri,12,Fg,Fg,Fg,-238.4113444011,264.8884626756,132.4442313378,316.0245381673,12790.5115456374,113.0951437757,4,56.5475718878,850.675,230.4896147335,115.2448073668,0.095751,0.0165282206,0.0082641103,267.525,46.097026296,23.048513148,583.05272975,188.4938547545,94.2469273773,1089.0863444011,39.1333289455,7.9880573211,350.1739858833,48.8328013458,9.967953834,738.78680885,13.1414798597,2.6824933434,0.1255363456,0.0368320765,0.0075183161,24,850.675,203.9030380182,41.6215333457,179.6525038732,187.2953866425,38.2315107043,2.6741156047,111-300%,1.2203684634,0.6101842317,0.8637321157,0.2213157468,0.1106578734,12.0870847916,>500%,7.663908121,3.8319540605,0.0117967425,0.0031069527,0.0015534763,67.947950492,3.3463087722,1.6731543861,32.0407447871,3.3472131299,1.673606565,14.1235075692,16.6285559801,8.31427799,-14.1287165604,16.6371535133,8.3185767567,0.0057035695,0.0118157841,0.0059078921,670.9524465147,18.2060548659,3.7162953875,0.0700223651,0.1133793621,0.0231434654,84.3218830919,84.3218830919,182.0995310716,45.5248827679,87.8724961268,87.8724961268,149.8574018183,30.5895140528,-84.3141638975,-84.3141638975,182.1645910954,45.5411477738,-87.8997167647,-87.8997167647,149.9409192074,30.6065619685,0.0068510309,0.0068510309,0.0940223178,0.0235055795,0.0257286349,0.0257286349,0.1149737407,0.0234689166,24,9.8760312398,0.3562862876,0.0727266339,0.0164687602,,-0.053,0.1307853769,0.0413579676,0.0736666667,0.1191476934,0.0376778089,n,,,,,,,,thick leathery,course branch,Phaeophyta,Phaeophyta,Brown,1,Present,9.8925,0.0359397644,0.0089849411,4,-0.4232812398,0.4636598277,0.2318299138,9.45275,0.0754381645,0.0377190823,Brown,1881.5,221.93,-394,229.53,1822.55,mid/high,high,3,NA,-0.053,0.0413579676
Halosaccion,Rhodophyta,Halosaccion,Hallosaccion glandiformis,12,Hg,Hg,Hg,-129.9580159505,51.3052497934,20.94528052,129.9580159505,2632.2286563627,51.3052497934,6,20.94528052,648.8,56.5953001582,23.1049345379,0.0036688333,0.0041789697,0.0017060572,74.7833333333,10.9100717993,4.4540181609,574.0429415,48.0495254001,19.6161366022,778.7580159505,29.323017614,4.8871696023,89.7744338308,11.0982297546,1.8497049591,688.9748499528,18.6871846078,3.114530768,0.008731673,0.0019364168,0.0003227361,36,648.8,52.3970664391,8.7328444065,52.8133762445,11.0689338707,1.8448223118,1.4444978646,111-300%,0.1819006541,0.0742606311,0.9627486594,0.0127543055,0.0052069234,0.9949079687,<110%,1.0419337309,0.4253676644,0.0005490732,0.0005715479,0.0002333335,88.5082289489,0.9998319151,0.4081796701,11.4957806016,1.0039266825,0.4098513519,3.437277468,1.1956695838,0.4881300635,-3.432735602,1.192653972,0.4868989452,1.63720944444444E-005,0.0005413134,0.0002209903,595.9830978974,41.4750430146,6.9125071691,0.0035281916,0.0012253113,0.0002042185,14.2852287305,14.2852287305,5.0915852721,0.8485975453,21.9699570889,21.9699570889,7.1010030664,1.1835005111,-14.2844718208,-14.2844718208,5.0611640475,0.8435273412,-21.9401563974,-21.9401563974,7.0813206407,1.1802201068,0.001017623,0.001017623,0.0004298448,7.16407953575147E-005,0.0001406418,0.0001406418,0.0035900956,0.0005983493,36,10.1854415735,0.0622875987,0.0103812664,0.2062250932,,0.085,0.1418449858,0.057907973,0.0916666667,0.1367723169,0.0558370646,n,,,,,,,,sheet group,sheet group,Rhodophyta,Rhodophyta,Red,1,Present,10.3916666667,0.0343025752,0.0057170959,6,-0.1727749068,0.0642967867,0.0262490533,10.0126666667,0.0462327445,0.0188744389,Red,2030.6667,39.4535,-244.8333,47.0535,1971.7167,mid,high,3,103.5520391415,0.085,0.057907973
Hymenena,Rhodophyta,Hymenena,Hymenena multiloba,13,Hm,Hm,Hm,-161.6988265991,72.3966169543,36.1983084771,161.6988265991,5241.2701464255,72.3966169543,4,36.1983084771,1509.95,92.46727349,46.233636745,2.875,0.7135591543,0.3567795771,1159.4,103.3014036691,51.6507018345,347.675,34.3826870193,17.1913435096,1671.6488265991,55.109454915,6.8886818644,1283.3399607813,81.9262795406,10.2407849426,385.1295689641,32.3371949362,4.042149367,3.1793057365,0.6486864898,0.0810858112,64,1509.95,82.705243687,20.6763109218,1020.426995302,135.2318886196,33.8079721549,1.1439710412,111-300%,0.066987756,0.033493878,0.7204789154,0.1037818134,0.0518909067,1.8701848173,111-300%,0.3950265462,0.1975132731,0.1892774623,0.03593271,0.017966355,23.1113800528,2.6403860244,1.3201930122,76.6991905168,2.6096999829,1.3048499914,9.3864133345,4.048419869,2.0242099345,-9.4687457026,4.0749232117,2.0374616059,0.0821784025,0.0342535478,0.0171267739,487.8793717929,53.6057745769,13.4014436442,1.6436635002,0.619369622,0.1548424055,143.4343314946,143.4343314946,65.3694050929,16.3423512732,138.973004698,138.973004698,57.0883332044,14.2720833011,-144.4536256022,-144.4536256022,65.7432186617,16.4358046654,-140.2043717929,-140.2043717929,57.4782767705,14.3695691926,1.0382939692,1.0382939692,0.4842209175,0.1210552294,1.2313364998,1.2313364998,0.5184219993,0.1296054998,16,8.8166934252,0.1057473923,0.0264368481,0.0008065748,,0.0233333333,0.1378404875,0.0562731434,0.1088888889,0.0736558564,0.0300698775,y,0.695,0.2377113095,0.0970452357,0.695,0.2377113095,0.0970452357,,course branch,course branch,Rhodophyta,Rhodophyta,Red,0,Absent,8.8175,0.0427200187,0.0106800047,4,-0.2039434252,0.0922053756,0.0461026878,8.61275,0.0719276257,0.0359638128,Red,2031.25,44.4773,-244.25,51.3173,1972.3,low,low,1,238.7555697196,0.0233333333,0.0562731434
Lithothamnion,Rhodophyta,Lithothamnion,Lithothamnion phymatodeum,12,Lp,Lp,Lp,-155.4253804525,50.3701033606,25.1850516803,155.4253804525,2537.1473125589,50.3701033606,4,25.1850516803,1617.6,91.6376923906,45.8188461953,4.0058365,0.9732416447,0.4866208224,1296.125,115.4422907777,57.7211453888,317.44770575,32.3698264795,16.1849132397,1773.0253804525,55.7453258286,11.3789669854,1420.1089454583,89.1804309172,18.2038792324,348.5345472542,35.6249329058,7.2719089783,4.3818845054,0.8979965911,0.1833027866,24,1617.6,81.0674437415,16.5478226599,1164.9960780901,133.3255476672,27.2149634551,1.1172745248,111-300%,0.0461834329,0.0230917165,0.7102482642,0.0684086837,0.0342043419,1.7868324599,111-300%,0.2955471261,0.147773563,0.2458586281,0.0441501201,0.0220750601,19.7350107596,2.668366724,1.334183362,80.0178180772,2.624338655,1.3121693275,8.2231353664,2.8136914159,1.4068457079,-8.3272836108,2.8294979785,1.4147489893,0.1028370723,0.028813983,0.0144069915,450.2592508393,53.9341209089,11.0092563294,2.344648251,0.7761808944,0.1584372616,134.242436776,134.242436776,45.1525172005,11.2881293001,131.1289219099,131.1289219099,40.560845704,8.2794479592,-135.6576648748,-135.6576648748,45.3660922529,11.3415230632,-132.8115450893,-132.8115450893,40.8020715307,8.3286879749,1.406123304,1.406123304,0.4336904775,0.1084226194,1.661188249,1.661188249,0.4681527214,0.0955612741,24,8.7115541299,0.1023777065,0.0208977618,-0.0240541299,,0.003,0.0368580862,0.0116555503,0.0283333333,0.0218298697,0.0069032109,n,0.1133333334,0.0605530071,0.0247206616,0.1133333334,0.0605530071,0.0247206616,,crustose,crustose,Rhodophyta,Corallinaceae,Red calcifying,0,Absent,8.6875,0.075,0.01875,4,-0.1983041299,0.0621416871,0.0310708435,8.51325,0.0796717223,0.0398358611,Red calcifying,2089.25,30.8555,-186.25,38.4555,2030.3,low,low,1,NA,0.003,0.0116555503
Mastocarpus alaskensis,Rhodophyta,Mastocarpus,Mastocarpus alaskensis,13,Ma,Ma,Ma,-63.4203271866,127.3342611262,63.6671305631,117.8984827042,3043.461625234,55.1675776633,4,27.5837888316,953.375,205.4556622891,102.7278311446,0.08212975,0.0664974659,0.0332487329,275.975,118.1183693024,59.0591846512,677.3079945,87.6095415748,43.8047707874,1016.7953271866,74.8239991993,9.3529998999,287.6634478781,78.131527142,9.7664408927,729.0428337172,15.7977356346,1.9747169543,0.0890423466,0.0431479784,0.0053934973,64,953.375,183.7651308963,45.9412827241,258.3489233617,178.1015110515,44.5253777629,1.3249289085,111-300%,0.4170322514,0.2085161257,0.9770637773,0.1212317451,0.0606158725,1.0662967947,<110%,0.8718776657,0.4359388329,0.0077248777,0.0050520077,0.0025260038,72.112383924,6.0786874476,3.0393437238,27.8778317848,6.080239412,3.040119706,3.0961560877,7.8515829264,3.9257914632,-3.0968250071,7.8608262425,3.9304131213,-0.0013908496,0.0070852571,0.0035426285,694.9231360396,46.3714551596,11.5928637899,0.1029532125,0.1277991639,0.031949791,15.5997446379,15.5997446379,100.2941778782,25.0735444696,17.6260766383,17.6260766383,82.0875279225,20.5218819806,-15.5828752527,-15.5828752527,100.3919435497,25.0979858874,-17.6151415396,-17.6151415396,82.1806793573,20.5451698393,-0.0165472459,-0.0165472459,0.0726927826,0.0181731956,-0.0208234625,-0.0208234625,0.0815335146,0.0203833787,16,9.6720427871,0.3209424874,0.0802356218,0.2204572129,,-0.1116666667,0.1186591758,0.0484424057,0.1116666667,0.1186591758,0.0484424057,y,0.1466666667,0.1339651696,0.0546910515,0.1533333333,0.124686273,0.0509029578,,sheet group,course branch,Rhodophyta,Rhodophyta,Red,1,Present,9.8925,0.2334345019,0.0583586255,4,-0.1135427871,0.2131624499,0.106581225,9.5585,0.1565641509,0.0782820754,Red,2114.75,111.2065,-112.5,118.0465,2104.05,mid,high,3,68.6114025408,-0.1116666667,0.0484424057
Neorhodomela,Rhodophyta,Neorhodomela,Neorhodomela larix,13,Nl,Nl,,97.1253746033,128.8803734167,64.4401867083,102.6860305786,15128.7073397917,122.9988103186,4,61.4994051593,1219.55,131.324851672,65.662425836,0.186185,0.02763,0.013815,452.125,58.6809665337,29.3404832669,767.1977365,81.9692846325,40.9846423162,1122.4246253967,29.0180960482,3.627262006,416.1521495438,29.7926885052,3.7240860631,706.0926502094,14.9552006437,1.8694000805,0.1798164295,0.0264333951,0.0033041744,64,1219.55,117.4605181894,29.3651295474,564.0993415109,179.6950484713,44.9237621178,0.8465502049,<110%,0.1562435316,0.0781217658,1.1929769556,0.2448700073,0.1224350037,0.6661344276,<110%,0.3418062418,0.1709031209,0.0153066288,0.0019533162,0.0009766581,62.9422006803,1.9463080735,0.9731540368,37.0392803239,1.9471622816,0.9735811408,-8.3394354229,9.5123031771,4.7561515886,8.3531255334,9.5319808244,4.7659904122,-0.0169022235,0.0219842532,0.0109921266,655.0345063843,62.9604716315,15.7401179079,0.4161542383,0.319649758,0.0799124395,-122.0728361856,-122.0728361856,161.9369632856,40.4842408214,-111.9743415109,-111.9743415109,134.4200710978,33.6050177744,122.2611761757,122.2611761757,162.1801143834,40.5450285959,112.1632301157,112.1632301157,134.6954936238,33.673873406,-0.1824635423,-0.1824635423,0.2784920656,0.0696230164,-0.2299692383,-0.2299692383,0.309741933,0.0774354833,16,9.2179562449,0.1725726047,0.0431431512,0.2795437551,,,,,,,,y,,,,,,,,course branch,course branch,Rhodophyta,Rhodophyta,Red,1,Present,9.4975,0.0537742193,0.0134435548,4,0.1487937551,0.1878110344,0.0939055172,9.36675,0.0408033904,0.0204016952,Red,2388,104.9611,160.75,111.8011,2377.3,high,high,3,NA,,
Odonthalia,Rhodophyta,Odonthalia,Odonthalia floccosa,11,Of,,,-114.6454528809,101.3780015522,41.3873958243,137.6864201864,3300.734673753,57.4520206238,6,23.4546892033,1127.9333333333,112.4569013741,45.9103377368,0.35,0.0547722558,0.0223606798,538.2666666667,66.8296540966,27.2830920372,589.3,49.2367748741,20.1008291703,1242.5787862142,28.1872021186,2.8768442695,592.1852645875,29.6840145624,3.0296120498,649.9989998375,14.7993867459,1.5104560847,0.3945240296,0.0429906077,0.0043877105,96,1127.9333333333,104.1148596503,17.3524766084,410.8820132695,145.1835841128,24.1972640188,1.4111190529,111-300%,0.3125800134,0.1276102561,0.8289738646,0.1209919415,0.0493947533,2.7081736676,111-300%,1.643675597,0.6710277525,0.0310087075,0.0033517039,0.0013683274,52.333023586,1.5666705782,0.6395905853,47.6344191915,1.5646228421,0.6387546005,12.0114557324,8.1181138167,3.3142060875,-12.0271509694,8.1310265873,3.319477704,0.0141470901,0.0125938782,0.0051414292,716.8491880526,42.734717035,7.1224528392,0.2021253209,0.1693787201,0.0282297867,144.0503906241,144.0503906241,105.156597203,17.5260995338,127.3846533971,127.3846533971,86.8670921558,14.4778486926,-144.181919909,-144.181919909,105.2667841569,17.5444640262,-127.5491880526,-127.5491880526,87.0163483796,14.5027247299,0.1267790671,0.1267790671,0.1105476306,0.0184246051,0.1478746792,0.1478746792,0.1451415701,0.0241902617,36,9.4014783965,0.1714497069,0.0285749512,-0.0164783965,,0.1266666667,0.1366260102,0.0557773351,0.13,0.1328156617,0.0542217668,n,0.417,0.1670628624,0.068203128,0.417,0.1670628624,0.068203128,,course branch,course branch,Rhodophyta,Rhodophyta,Red,1,Present,9.385,0.0137840488,0.0022973415,6,-0.2244783965,0.167153297,0.0682400478,9.177,0.0294414674,0.0120194287,Red,2054.8333,63.3979,-209.0000333333,69.1079,2007.5499666667,low/mid,mid,2,NA,0.1266666667,0.0557773351
Phyllospadix scouleri,Tracheophyta,Phyllospadix,Phyllospadix scouleri,11,Ps,Ps,Ps,-756.5885953268,177.2535881823,72.363474354,756.5885953268,31418.8345235099,177.2535881823,6,72.363474354,431.4833333333,114.0387200326,46.5561125,0.1166666667,0.040824829,0.0166666667,180.1,31.521865427,12.8687476728,251.2833333333,92.9354704441,37.9407469323,1188.0719286601,74.220419165,7.5750898104,512.8967970458,104.9044788777,10.706768541,674.8730695646,35.4903858771,3.6222223406,0.3020583213,0.131268748,0.0133975605,96,431.4833333333,105.5793391585,17.5965565264,23.8378372949,10.8276540468,1.8046090078,8.5579488943,>500%,2.4128598244,0.9850458985,0.6042003329,0.0722778989,0.0295073287,160.8954690714,>500%,92.2344439325,37.6545540573,0.0287243463,0.0114619218,0.00467931,57.1737904143,6.3152487384,2.5781895013,42.8017099965,6.3117416823,2.5767577516,37.5267607629,7.1388469138,2.9144220484,-37.5510378668,7.1428254484,2.9160462784,0.0285008926,0.0115240284,0.0047046649,407.6444369652,94.8662239753,15.8110373292,0.0010607181,0.0007226115,0.0001204353,151.9228340921,151.9228340921,27.5853992479,4.5975665413,156.2621627051,156.2621627051,23.2123321929,3.8687220322,-151.9912899053,-151.9912899053,27.5841497679,4.5973582946,-156.3611036318,-156.3611036318,23.2120868279,3.868681138,0.0656301362,0.0656301362,0.0285582394,0.0047597066,0.1156059486,0.1156059486,0.0379689043,0.0063281507,36,10.3982976013,0.087802198,0.0146336997,-0.634964268,,0.035,0.1686119806,0.0688355528,0.135,0.0896102673,0.0365832384,n,0.1553333333,0.1967400993,0.0803188092,0.1746666667,0.1762119935,0.0719382451,,sheet group,sheet group,Viridiplante,Viridiplante,Surfgrass,1,Present,9.7633333333,0.0818942407,0.0136490401,6,-1.1342976013,0.2024271215,0.0826405263,9.264,0.1222227475,0.0498972277,Surfgrass,1049.6667,97.8007,-1214.1666333333,103.5107,1002.3833666667,mid/high,high,3,NA,0.035,0.0688355528
Porphyra,Rhodophyta,Porphyra,Porphyra sp,13,Psp,Psp,Psp,149.004718399,55.22527405,27.612637025,149.004718399,3049.8308938941,55.22527405,4,27.612637025,1205.475,78.6782636226,39.3391318113,0.125,0.05,0.025,378,92.1651778059,46.082588903,827.35,49.7576459786,24.8788229893,1056.470281601,61.3657764465,7.6707220558,332.0034886688,73.6408146114,9.2051018264,724.3494516141,20.5428219141,2.5678527393,0.1173390162,0.0543766141,0.0067970768,64,1205.475,70.3719783247,17.5929945812,540.0312029207,105.5301891511,26.3825472878,0.7024808352,<110%,0.0895197999,0.0447598999,1.2473055527,0.0931991139,0.0465995569,0.4017181305,<110%,0.1109771006,0.0554885503,0.0102559919,0.0031284714,0.0015642357,68.8430006241,5.3014732141,2.6507366071,31.1467179507,5.2957804326,2.6478902163,-13.3181466223,4.3862098978,2.1931049489,13.3353561104,4.3959872116,2.1979936058,-0.0172335432,0.0085472125,0.0042736063,665.1055768484,35.956773068,8.989193267,0.3382025019,0.1461820429,0.0365455107,-181.8480855151,-181.8480855151,69.794940498,17.4487351245,-162.0312029207,-162.0312029207,56.977750692,14.244437673,182.0129362878,182.0129362878,69.9218699466,17.4804674866,162.2444231516,162.2444231516,57.1045205559,14.276130139,-0.1655695939,-0.1655695939,0.093143784,0.023285946,-0.2132025019,-0.2132025019,0.1148433324,0.0287108331,16,9.2337944508,0.1084297836,0.0271074459,0.3812055492,,0.24,0.0361478446,0.0147572957,0.24,0.0361478446,0.0147572957,y,,,,,,,,sheet group,sheet group,Rhodophyta,Rhodophyta,Red,1,Present,9.615,0.2131509637,0.0532877409,4,0.2514555492,0.0919121772,0.0459560886,9.48525,0.1204501972,0.0602250986,Red,2482,47.8661,254.75,54.7061,2471.3,low,low,1,473.5939367463,0.24,0.0147572957
Pseudophyllum whidbeynse,Rhodophyta,Pseudolithophyllum,Pseudophyllum whidbeynse,12,Pw,Pw,Pw,-122.8697949219,46.9246085353,20.9853229005,122.8697949219,2201.9188861899,46.9246085353,5,20.9853229005,1832.62,68.7903481602,30.7639789364,9.1685484,2.0398457873,0.9122467688,1609.7,84.1561049479,37.635754277,213.763354,25.7221226913,11.5032829727,1955.4897949219,42.0700881245,7.6809120873,1717.4660458,64.1000267677,11.7030101991,228.24893351,25.5353602197,4.6620976021,9.774823929,1.9201697883,0.3505734358,30,1832.62,62.5797940288,11.4254549445,1517.7126498906,103.2621565061,18.8530041517,1.0622548965,<110%,0.0286106586,0.0127950755,0.6980939169,0.0818255008,0.0365934764,1.6476981747,111-300%,0.2760809508,0.1234671546,0.4981852594,0.0871455133,0.0389726583,11.7015500848,1.5197428808,0.679649678,87.8008873119,1.4337664105,0.6411998316,5.0776637756,2.1405719559,0.9572928808,-5.2648924159,2.175045038,0.9727097118,0.1878520686,0.0575553206,0.0257395219,309.1794115945,43.1936441445,7.8860444129,5.7279231491,1.4508276003,0.2648836679,92.9238602202,92.9238602202,37.5099135841,7.5019827168,91.9873501094,91.9873501094,35.702067974,6.518275993,-95.8604191743,-95.8604191743,37.9653113745,7.5930622749,-95.4160575945,-95.4160575945,36.2832638217,6.6243873517,2.9398509457,2.9398509457,0.962486698,0.1924973396,3.4406252509,3.4406252509,1.0711077655,0.1955566282,30,8.4306012154,0.0890674656,0.01626142,0.0473987846,,0.013,0.0228035085,0.010198039,0.019,0.0167332005,0.0074833148,n,,,,,,,,crustose,crustose,Rhodophyta,Corallinaceae,Red calcifying,0,Absent,8.478,0.1015874008,0.0203174802,5,-0.1850012154,0.0630240032,0.0281851911,8.2456,0.072493448,0.0324200555,Red calcifying,2138.8,23.6123,-136.7,31.2123,2079.85,low,low,1,NA,0.013,0.010198039
Saccharina grandlandica,Ochrophyta,Saccharina,Saccharina grandlandica,11,Sg,Sg,,-0.8530398051,30.2600157143,12.3535996848,20.2136838277,426.2301466564,20.6453420087,6,8.4284255811,1378.2666666667,28.2656446356,11.5394011013,0.8344758333,0.1300568526,0.0530954878,805.5166666667,48.1849942064,19.6714415108,571.9003858333,31.3007870056,12.7784927852,1379.1197064718,40.2942592489,4.1125156135,806.461807024,54.2931896508,5.5412754647,571.8214473542,21.9169446147,2.2368887928,0.8364670831,0.1295690193,0.0132240827,96,1378.2666666667,26.1689019367,4.3614836561,780.7785775074,42.7186462085,7.1197743681,1.0323629703,<110%,0.0406178694,0.0165821757,0.958852078,0.0483339176,0.0197322392,1.1206812523,111-300%,0.15400981,0.0628742417,0.0604603201,0.0081580169,0.0033304965,41.5211914152,2.5086076343,1.0241347781,58.4172813319,2.5005697313,1.020853318,1.8043080471,2.2012346491,0.8986502824,-1.8115794614,2.2067881795,0.9009175017,0.0062060367,0.0072112915,0.0029439974,596.7387581114,18.1992410908,3.0332068485,0.7493096662,0.1014000587,0.0169000098,26.1878467726,26.1878467726,32.3141669937,5.385694499,24.7380891593,24.7380891593,29.7022219782,4.9503703297,-26.2850075674,-26.2850075674,32.3966382184,5.3994397031,-24.8383722781,-24.8383722781,29.7768075625,4.9628012604,0.0712462238,0.0712462238,0.0838144694,0.0139690782,0.0851661671,0.0851661671,0.0974102494,0.0162350416,36,9.01981669,0.0368406416,0.0061401069,0.1235166433,,0.2125,0.1324849906,0.0382451225,0.2275,0.101746119,0.0293715746,n,0.4193333333,0.1577162777,0.0455287677,0.4193333333,0.1577162777,0.0455287677,,thick leathery,course branch,Phaeophyta,Phaeophyta,Brown,1,Present,9.1433333333,0.0320416396,0.0053402733,6,-0.03231669,0.0402872017,0.0164471812,8.9875,0.0480863806,0.0196311827,Brown,2229.1667,17.3674,-34.6666333333,23.0774,2181.8833666667,mid,high,3,158.4184677431,0.2125,0.0382451225
Ulva intestinalis,Chlorophyta,Ulva,Ulva intestinalis,9,Ui,Ui,Ui,-462.3205932617,56.0191527554,25.0525267206,462.3205932617,3138.1454754365,56.0191527554,5,25.0525267206,579.6,220.8700409743,98.7760851624,0.22,0.491934955,0.22,230.28,246.0060100892,110.0172322866,349.06,47.8432126848,21.396135165,1041.9205932617,219.1360373087,40.0085835988,390.3924369067,320.8872325667,58.5857252307,651.1617139267,103.7757186812,18.9467673477,0.3664447069,0.6320926629,0.1154038033,30,579.6,200.9293751374,36.6845170761,77.5676739821,94.1887926356,17.1964421302,3.6249320213,301-500%,0.7013752593,0.3136645515,0.7263158644,0.1587299502,0.0709861917,3.2490768268,301-500%,6.6571476289,2.9771669269,0.0228310502,0.0464427057,0.0207698094,66.2212053708,18.3727883755,8.2165607488,33.7466978136,18.332306214,8.1984565758,23.1654441252,10.0434706245,4.4915766093,-23.1958704623,10.0802635603,4.5080309104,0.0211604113,0.0436797445,0.0195341756,502.0173976458,109.6100698387,20.0119692601,0.0149295917,0.0274293273,0.0050078871,148.324529762,148.324529762,300.5453161014,60.1090632203,152.7123260179,152.7123260179,130.2100890066,23.7730009879,-148.5137079001,-148.5137079001,133.4661384528,26.6932276906,-152.9573976458,-152.9573976458,130.6019108056,23.8445375338,0.1735708177,0.1735708177,0.382228068,0.0764456136,0.2050704083,0.2050704083,0.4203035006,0.0767365694,30,10.1902670224,0.3039967257,0.0555019547,-0.1242670224,,-0.35,0.2854061434,0.1165165701,0.35,0.2854061434,0.1165165701,n,0.0716666667,0.2034453244,0.0830562059,0.165,0.1219972678,0.049805176,,sheet group,sheet group,Chlorophyta,Chlorophyta,Green,1,Present,10.066,0.1656200471,0.0331240094,5,-0.7026670224,0.0837952214,0.0374743622,9.4876,0.3821554657,0.1709051199,Green,1354.2,47.3438,-764.3,57.8538,1452.25,mid,high,3,251.8243330244,-0.35,0.1165165701
Ulva lactuta,Chlorophyta,Ulva,Ulva lactuta,13,Ul,Ul,Ul,-393.0622358322,109.9163544172,54.9581772086,393.0622358322,12081.6049683655,109.9163544172,4,54.9581772086,592.375,172.7310891724,86.3655445862,0.025,0.05,0.025,157.3,83.4928340238,41.7464170119,435,102.1065456602,51.0532728301,985.4372358322,78.3576843362,9.794710542,253.5827084891,85.3290554284,10.6661319286,731.7827046781,18.0271535772,2.2533941972,0.0718160099,0.0507610078,0.006345126,64,592.375,154.4953828868,38.6238457217,51.0917546184,26.0444711881,6.511117797,3.2569465508,301-500%,0.5313988878,0.2656994439,0.8115580551,0.0527952628,0.0263976314,3.1343724962,301-500%,5.6137641967,2.8068820984,0.0033103814,0.0059217902,0.0029608951,74.7404571465,6.5220288609,3.2610144305,25.2482657424,6.5185787663,3.2592893831,17.221781446,4.393891692,2.196945846,-17.2324907736,4.3960962732,2.1980481366,0.0027440511,0.0056312387,0.0028156194,541.2794294011,129.4905742918,32.372643573,0.0038082464,0.0028326837,0.0007081709,97.00514841,97.00514841,66.9145448408,16.7286362102,106.2082453816,106.2082453816,49.8297461504,12.4574365376,-97.0475504094,-97.0475504094,66.9665636556,16.7416409139,-106.2794294011,-106.2794294011,49.8578965837,12.4644741459,0.0232456817,0.0232456817,0.0275616791,0.0068904198,0.0211917536,0.0211917536,0.0422491325,0.0105622831,16,10.2173329592,0.1592960295,0.0398240074,-0.2173329592,,-0.13,0.0933095208,0.0380934523,0.1411111111,0.0713572131,0.0291314602,y,1.235,0.1036661308,0.0423215207,1.235,0.1036661308,0.0423215207,,sheet group,sheet group,Chlorophyta,Chlorophyta,Green,1,Present,10,0.1811077028,0.0452769257,4,-0.5988329592,0.08426309,0.042131545,9.6185,0.1630654265,0.0815327133,Green,1540,106.4151,-687.25,113.2551,1529.3,mid,high,3,417.5821144644,-0.13,0.0380934523
Urospora,Chlorophyta,Urospora,Urospora wormskioldii,10,Uw,Uw,Uw,-523.7428835551,65.7544485849,37.9633485909,523.7428835551,4323.6475087103,65.7544485849,3,37.9633485909,362.6333333333,73.2803748171,42.308444127,0,0,0,64.8,17.5928962937,10.157263411,297.8333333333,57.9301590998,33.4459929505,886.3762168884,37.4615752826,5.4071126434,157.8279091104,24.2929995909,3.5063924633,728.5229118104,17.2818129703,2.4944148426,0.0253917853,0.0073737826,0.0010643138,48,362.6333333333,61.5678296439,14.5116766147,17.899677967,4.8631569848,1.146257094,3.6704249384,301-500%,0.450337488,0.2600024699,0.8646673381,0.0208409596,0.0120325336,0,<110%,0,0,0,0,0,82.2685929162,2.0959801659,1.210114713,17.7314070838,2.0959801659,1.210114713,12.8747298469,1.9786419465,1.1423694604,-12.8745482476,1.9786410392,1.1423689366,-0.0001826336,3.90452073504245E-005,2.25427609743324E-005,344.7329769377,56.7280673968,13.3709337133,0.0006845352,0.0002592072,6.1095715516413E-005,31.2802097533,31.2802097533,10.2460475794,3.4153491931,46.9003220331,46.9003220331,10.8256142683,2.5516217532,-31.294816672,-31.294816672,10.228650594,3.409550198,-46.8996436043,-46.8996436043,10.8254465551,2.5515822228,0.0029273849,0.0029273849,0.0013731434,0.0004577145,-0.0006845352,-0.0006845352,0.0002592072,6.1095715516413E-005,18,10.4303190443,0.0468903324,0.0110521573,-0.2036523776,,-0.3216666667,0.1069267662,0.0617341973,0.3216666667,0.1069267662,0.0617341973,n,,,,,,,,filamentous,filamentous,Chlorophyta,Chlorophyta,Green,1,Present,10.2266666667,0.0642910051,0.021430335,3,-0.624985711,0.0720782251,0.0416143827,9.8053333333,0.0745005593,0.043012918,Green,1275.6667,68.6667,-921.9999666667,77.7267,1294.5500333333,mid,high,3,NA,-0.3216666667,0.0617341973
Ktflesh,Rhodophyta,Weeksia,Weeksia coccinea,12,Rsp,Rsp,,46.5719448513,69.7635018662,28.4808303737,69.690681288,1641.5321792655,40.5158262814,6,16.5405168161,1658.5333333333,185.433725807,75.7030015551,2.75,2.0695410119,0.8448865802,1189.45,291.7478209002,119.1055491291,466.3166666667,118.2963806152,48.2942951542,1611.961388482,162.122553845,27.0204256408,1156.6154043472,263.9664032303,43.9944005384,452.6504999833,104.0962688131,17.3493781355,2.6954838011,1.8475311491,0.3079218582,36,1658.5333333333,171.6782705278,28.613045088,1232.4157164424,280.3657839711,46.7276306619,0.9661156294,<110%,0.0435819903,0.017792273,1.1294124972,0.1819985676,0.0743006041,0.8535898701,<110%,0.2302169965,0.0939856953,0.1572197798,0.0948256659,0.038712416,28.9918679762,9.3873440307,3.8323671525,70.8499225957,9.2979175944,3.7958589628,-2.5270245727,3.356522965,1.3702947624,2.5658111809,3.4063051095,1.3906182378,-0.0397750698,0.0716191426,0.0292383925,422.6293372544,111.8180751358,18.636345856,3.4882580627,2.9199731696,0.4866621949,-44.136488604,-44.136488604,62.5449562171,10.4241593695,-42.9657164424,-42.9657164424,58.0634313633,9.6772385605,44.763624421,44.763624421,63.3807619328,10.5634603221,43.6873294123,43.6873294123,59.0340234999,9.8390039167,-0.6123349282,-0.6123349282,1.2236831136,0.2039471856,-0.7382580627,-0.7382580627,1.3672017325,0.2278669554,36,8.6538455221,0.2285705644,0.0380950941,0.5294878112,,0.0216666667,0.0811582816,0.0331327297,0.0633333333,0.0483390801,0.0197343468,n,,,,,,,,sheet group,sheet group,Rhodophyta,Rhodophyta,Red,1,Present,9.1833333333,0.0650128192,0.0108354699,6,0.0626544779,0.0935881165,0.0382071886,8.7165,0.2228091111,0.0909614387,Red,2335.6667,35.0691,60.1667,42.6691,2276.7167,low,low,1,222.9924602925,0.0216666667,0.0331327297
Seawater,,,,,,,,,,,,,,28,,,,,,,,,,,,,,,,,,,,,,,,,,,,,,,,,,,,,,,,,,,,,,,,,,,,,,,,,,,,,,,,,,,,,,,,,,,,,,,,,,,,,,,,,,,,,,,,,,,,,,,,,,,,,,,,seawater,seawater,seawater,,Seawater,,,8.1386666667,0.0401282666,0.0179459064,5,,,,,,,Seawater,2216.55,28.1031038223,,,2216.55,,,,,,
Seawater09,,,,,,,,,,,,,,6,,1980.0833333333,17.6783954777,7.2171747319,21.3814251667,1.2849053403,0.5245604086,1847.15,14.2022181366,5.7980312751,111.5113796667,6.9952545242,2.8558007009,,,,,,,,,,,,,,,,,,,,,,,,,,,,,,,,,,,,,,,,,,,,,,,,,,,,,,,,,,,,,,,,,,,,,,,,,,,,,,,,,,,,,0,,,,,,,,,,,,,,seawater,seawater,seawater,,Seawater,,,8.1366666667,0.0326598632,0.0133333333,6,,,,7.9521666667,0.0265587399,0.0108425602,Seawater,2118.5,10.5095194942,,,,,,,,,
Seawater10,,,,,,,,,,,,,,6,,2018.1833333333,15.2298938495,6.217578128,18.5434518333,1.774514608,0.7244425551,1862.1166666667,18.578096422,7.5844761044,137.1240416667,11.2825806013,4.6060942425,,,,,,,,,,,,,,,,,,,,,,,,,,,,,,,,,,,,,,,,,,,,,,,,,,,,,,,,,,,,,,,,,,,,,,,,,,,,,,,,,,,,,0,,,,,,,,,,,,,,seawater,seawater,seawater,,Seawater,,,8.0983333333,0.0711102431,0.0290306352,6,,,,8.002,0.0386522962,0.0157797338,Seawater,2197.6666666667,9.0578388396,,,,,,,,,
Seawater11,,,,,,,,,,,,,,6,,2118.3333333333,23.6004802211,9.6348557044,24.1243133333,1.9212367893,0.7843416348,1975.9166666667,27.8044900451,11.3511355281,118.3475448333,6.5444799231,2.6717727406,,,,,,,,,,,,,,,,,,,,,,,,,,,,,,,,,,,,,,,,,,,,,,,,,,,,,,,,,,,,,,,,,,,,,,,,,,,,,,,,,,,,,0,,,,,,,,,,,,,,seawater,seawater,seawater,,Seawater,,,8.15,0.0316227766,0.0129099445,6,,,,7.913,0.0294142822,0.0120083304,Seawater,2263.8333333333,5.7120729843,,,,,,,,,
Seawater12,,,,,,,,,,,,,,6,,2141.2,10.7961104107,4.4074936188,26.5782503333,1.5831267787,0.646308801,2002.5666666667,8.9948133203,3.672117161,111.9073328333,6.8435638239,2.7938732318,,,,,,,,,,,,,,,,,,,,,,,,,,,,,,,,,,,,,,,,,,,,,,,,,,,,,,,,,,,,,,,,,,,,,,,,,,,,,,,,,,,,,0,,,,,,,,,,,,,,seawater,seawater,seawater,,Seawater,,,8.1083333333,0.0331159579,0.0135195332,6,,,,7.8711666667,0.0260723353,0.0106439863,Seawater,2275.5,7.6015349327,,,,,,,,,
Seawater13,,,,,,,,,,,,,,4,,2061.2,21.8990106321,10.9495053161,20.79806,3.4401651762,1.7200825881,1910.55,32.1160915015,16.0580457508,129.77008775,15.3544846555,7.6772423277,,,,,,,,,,,,,,,,,,,,,,,,,,,,,,,,,,,,,,,,,,,,,,,,,,,,,,,,,,,,,,,,,,,,,,,,,,,,,,,,,,,,,0,,,,,,,,,,,,,,seawater,seawater,seawater,,Seawater,,,8.2,0.0346410162,0.0173205081,4,,,,7.96575,0.0607529149,0.0303764574,Seawater,2227.25,6.8358735116,,,,,,,,,
